{"cameraMode":{"drawMode":0,"name":"Shaded","section":"Shading Mode"},"sceneLighting":true,"audioPlay":false,"sceneViewState":{"showFog":true,"showMaterialUpdate":false,"showSkybox":true,"showFlares":true,"showImageEffects":true,"showParticleSystems":true},"in2DMode":false,"pivot":{"x":329.6768798828125,"y":103.88076782226563,"z":-319.4173889160156},"rotation":{"x":-0.04750684276223183,"y":0.0811261385679245,"z":0.003993155434727669,"w":0.9955938458442688},"size":126.77798461914063,"orthographic":false}