{"cameraMode":{"drawMode":0,"name":"Shaded","section":"Shading Mode"},"sceneLighting":true,"audioPlay":false,"sceneViewState":{"showFog":true,"showMaterialUpdate":false,"showSkybox":true,"showFlares":true,"showImageEffects":true,"showParticleSystems":true},"in2DMode":false,"pivot":{"x":5.544632911682129,"y":19.713335037231447,"z":-82.59868621826172},"rotation":{"x":-0.1192997470498085,"y":0.44361522793769839,"z":-0.05971577391028404,"w":-0.8862336277961731},"size":10.0,"orthographic":false}