{"cameraMode":{"drawMode":0,"name":"Shaded","section":"Shading Mode"},"sceneLighting":true,"audioPlay":false,"sceneViewState":{"showFog":true,"showMaterialUpdate":false,"showSkybox":true,"showFlares":true,"showImageEffects":true,"showParticleSystems":true},"in2DMode":false,"pivot":{"x":493.7268981933594,"y":602.8092041015625,"z":839.7019653320313},"rotation":{"x":0.1497851461172104,"y":-0.05544217675924301,"z":-0.008511658757925034,"w":-0.9871556758880615},"size":1594.0340576171875,"orthographic":false}