{"cameraMode":{"drawMode":0,"name":"Shaded","section":"Shading Mode"},"sceneLighting":false,"audioPlay":false,"sceneViewState":{"showFog":true,"showMaterialUpdate":false,"showSkybox":false,"showFlares":true,"showImageEffects":true,"showParticleSystems":true},"in2DMode":false,"pivot":{"x":-29.82037353515625,"y":-1.999301552772522,"z":-36.03757095336914},"rotation":{"x":-0.22016192972660066,"y":0.2908906638622284,"z":-0.06897104531526566,"w":-0.9285265803337097},"size":10.621121406555176,"orthographic":false}