{"cameraMode":{"drawMode":0,"name":"Shaded","section":"Shading Mode"},"sceneLighting":false,"audioPlay":false,"sceneViewState":{"showFog":true,"showMaterialUpdate":false,"showSkybox":false,"showFlares":true,"showImageEffects":true,"showParticleSystems":true},"in2DMode":false,"pivot":{"x":-24.438522338867189,"y":2.8120384216308595,"z":-39.919212341308597},"rotation":{"x":0.16399288177490235,"y":0.6241636276245117,"z":-0.13617779314517976,"w":0.7516562938690186},"size":19.781661987304689,"orthographic":false}