{"cameraMode":{"drawMode":0,"name":"Shaded","section":"Shading Mode"},"sceneLighting":true,"audioPlay":false,"sceneViewState":{"showFog":true,"showMaterialUpdate":false,"showSkybox":true,"showFlares":true,"showImageEffects":true,"showParticleSystems":true},"in2DMode":false,"pivot":{"x":991.842529296875,"y":52.00691604614258,"z":1451.70361328125},"rotation":{"x":0.09137143939733505,"y":0.08175726979970932,"z":-0.007526160217821598,"w":0.9924296736717224},"size":2831.3505859375,"orthographic":false}