{"cameraMode":{"drawMode":0,"name":"Shaded","section":"Shading Mode"},"sceneLighting":false,"audioPlay":false,"sceneViewState":{"showFog":false,"showMaterialUpdate":false,"showSkybox":false,"showFlares":false,"showImageEffects":false,"showParticleSystems":false},"in2DMode":false,"pivot":{"x":-25.73996925354004,"y":0.8907358646392822,"z":-33.541927337646487},"rotation":{"x":-0.07279416918754578,"y":-0.47738614678382876,"z":0.03992191702127457,"w":-0.8748633861541748},"size":7.949036121368408,"orthographic":false}