{"cameraMode":{"drawMode":0,"name":"Shaded","section":"Shading Mode"},"sceneLighting":false,"audioPlay":false,"sceneViewState":{"showFog":true,"showMaterialUpdate":false,"showSkybox":false,"showFlares":true,"showImageEffects":true,"showParticleSystems":true},"in2DMode":false,"pivot":{"x":-24.438522338867189,"y":2.8120384216308595,"z":-39.919212341308597},"rotation":{"x":-0.29261285066604617,"y":0.6799929141998291,"z":-0.577192485332489,"w":-0.3447282612323761},"size":19.781661987304689,"orthographic":false}