{"cameraMode":{"drawMode":0,"name":"Shaded","section":"Shading Mode"},"sceneLighting":false,"audioPlay":false,"sceneViewState":{"showFog":true,"showMaterialUpdate":false,"showSkybox":false,"showFlares":true,"showImageEffects":true,"showParticleSystems":true},"in2DMode":false,"pivot":{"x":-15.3130464553833,"y":2.4059009552001955,"z":-40.704708099365237},"rotation":{"x":0.16399288177490235,"y":0.6241636276245117,"z":-0.13617779314517976,"w":0.7516562938690186},"size":9.55654525756836,"orthographic":false}