{"cameraMode":{"drawMode":0,"name":"Shaded","section":"Shading Mode"},"sceneLighting":true,"audioPlay":false,"sceneViewState":{"showFog":true,"showMaterialUpdate":false,"showSkybox":true,"showFlares":true,"showImageEffects":true,"showParticleSystems":true},"in2DMode":false,"pivot":{"x":39.92686080932617,"y":-118.51187133789063,"z":-38.513946533203128},"rotation":{"x":-0.40899011492729189,"y":-0.5622919201850891,"z":0.37510958313941958,"w":-0.6130755543708801},"size":238.87969970703126,"orthographic":false}