{"cameraMode":{"drawMode":0,"name":"Shaded","section":"Shading Mode"},"sceneLighting":true,"audioPlay":false,"sceneViewState":{"showFog":true,"showMaterialUpdate":false,"showSkybox":true,"showFlares":true,"showImageEffects":true,"showParticleSystems":true},"in2DMode":false,"pivot":{"x":46.5118408203125,"y":-372.3196105957031,"z":-55.14419174194336},"rotation":{"x":0.45529866218566897,"y":0.540381908416748,"z":-0.45176100730895998,"w":0.5446199178695679},"size":465.8746337890625,"orthographic":false}