{"cameraMode":{"drawMode":0,"name":"Shaded","section":"Shading Mode"},"sceneLighting":true,"audioPlay":false,"sceneViewState":{"showFog":true,"showMaterialUpdate":false,"showSkybox":true,"showFlares":true,"showImageEffects":true,"showParticleSystems":true},"in2DMode":false,"pivot":{"x":-19.622251510620118,"y":-5.493834972381592,"z":-58.736236572265628},"rotation":{"x":0.3893390893936157,"y":0.5895637273788452,"z":-0.3877074122428894,"w":0.5920502543449402},"size":68.01309204101563,"orthographic":false}