{"cameraMode":{"drawMode":0,"name":"Shaded","section":"Shading Mode"},"sceneLighting":true,"audioPlay":false,"sceneViewState":{"showFog":true,"showMaterialUpdate":false,"showSkybox":true,"showFlares":true,"showImageEffects":true,"showParticleSystems":true},"in2DMode":false,"pivot":{"x":-38.88809585571289,"y":30.305500030517579,"z":-42.058990478515628},"rotation":{"x":0.24155588448047639,"y":0.7411984205245972,"z":-0.3406558334827423,"w":0.525576651096344},"size":10.0,"orthographic":false}