{"cameraMode":{"drawMode":0,"name":"Shaded","section":"Shading Mode"},"sceneLighting":true,"audioPlay":false,"sceneViewState":{"showFog":true,"showMaterialUpdate":false,"showSkybox":true,"showFlares":true,"showImageEffects":true,"showParticleSystems":true},"in2DMode":false,"pivot":{"x":-8.622969627380371,"y":4.644403457641602,"z":-60.92028045654297},"rotation":{"x":0.012258648872375489,"y":0.9782338738441467,"z":-0.19810406863689423,"w":0.060532912611961368},"size":10.0,"orthographic":false}