{"cameraMode":{"drawMode":0,"name":"Shaded","section":"Shading Mode"},"sceneLighting":false,"audioPlay":false,"sceneViewState":{"showFog":true,"showMaterialUpdate":false,"showSkybox":false,"showFlares":true,"showImageEffects":true,"showParticleSystems":true},"in2DMode":false,"pivot":{"x":-2.66266131401062,"y":-2.3618733882904054,"z":-34.66849136352539},"rotation":{"x":0.07737302035093308,"y":0.5547695159912109,"z":-0.05191437900066376,"w":0.826780378818512},"size":26.43344497680664,"orthographic":false}