{"cameraMode":{"drawMode":0,"name":"Shaded","section":"Shading Mode"},"sceneLighting":false,"audioPlay":false,"sceneViewState":{"showFog":false,"showMaterialUpdate":false,"showSkybox":false,"showFlares":false,"showImageEffects":false,"showParticleSystems":false},"in2DMode":false,"pivot":{"x":-30.799999237060548,"y":3.1820383071899416,"z":-32.54494857788086},"rotation":{"x":-0.17861025035381318,"y":-0.2903237044811249,"z":0.055450811982154849,"w":-0.938568651676178},"size":10.536188125610352,"orthographic":false}