{"cameraMode":{"drawMode":0,"name":"Shaded","section":"Shading Mode"},"sceneLighting":true,"audioPlay":false,"sceneViewState":{"showFog":false,"showMaterialUpdate":false,"showSkybox":false,"showFlares":false,"showImageEffects":false,"showParticleSystems":false},"in2DMode":false,"pivot":{"x":-30.799999237060548,"y":1.8425195217132569,"z":-36.09417724609375},"rotation":{"x":0.33881568908691409,"y":0.4986703097820282,"z":-0.22048409283161164,"w":0.7668655514717102},"size":21.148540496826173,"orthographic":false}