{"cameraMode":{"drawMode":0,"name":"Shaded","section":"Shading Mode"},"sceneLighting":true,"audioPlay":false,"sceneViewState":{"showFog":false,"showMaterialUpdate":false,"showSkybox":false,"showFlares":false,"showImageEffects":false,"showParticleSystems":false},"in2DMode":false,"pivot":{"x":-12.301513671875,"y":-15.713504791259766,"z":-51.252586364746097},"rotation":{"x":0.30146512389183047,"y":0.6113553643226624,"z":-0.2713654637336731,"w":0.679624617099762},"size":108.88645935058594,"orthographic":false}