{"cameraMode":{"drawMode":0,"name":"Shaded","section":"Shading Mode"},"sceneLighting":true,"audioPlay":false,"sceneViewState":{"showFog":false,"showMaterialUpdate":false,"showSkybox":false,"showFlares":false,"showImageEffects":false,"showParticleSystems":false},"in2DMode":false,"pivot":{"x":74.47319793701172,"y":-124.74190521240235,"z":180.1009063720703},"rotation":{"x":-0.23510558903217317,"y":-0.2165176272392273,"z":0.05401010438799858,"w":-0.946099042892456},"size":312.91064453125,"orthographic":false}