{"cameraMode":{"drawMode":0,"name":"Shaded","section":"Shading Mode"},"sceneLighting":true,"audioPlay":false,"sceneViewState":{"showFog":false,"showMaterialUpdate":false,"showSkybox":false,"showFlares":false,"showImageEffects":false,"showParticleSystems":false},"in2DMode":false,"pivot":{"x":235.74192810058595,"y":-1184.99365234375,"z":824.1961669921875},"rotation":{"x":0.44366443157196047,"y":0.14033165574073792,"z":-0.07080227136611939,"w":0.8824058771133423},"size":1523.86767578125,"orthographic":false}