{"cameraMode":{"drawMode":0,"name":"Shaded","section":"Shading Mode"},"sceneLighting":true,"audioPlay":false,"sceneViewState":{"showFog":false,"showMaterialUpdate":false,"showSkybox":false,"showFlares":false,"showImageEffects":false,"showParticleSystems":false},"in2DMode":false,"pivot":{"x":10.75133991241455,"y":-20.501354217529298,"z":-2.242131233215332},"rotation":{"x":-0.18724510073661805,"y":-0.4083848297595978,"z":0.08621745556592941,"w":-0.8893284797668457},"size":75.8639907836914,"orthographic":false}