{"cameraMode":{"drawMode":0,"name":"Shaded","section":"Shading Mode"},"sceneLighting":true,"audioPlay":false,"sceneViewState":{"showFog":false,"showMaterialUpdate":false,"showSkybox":false,"showFlares":false,"showImageEffects":false,"showParticleSystems":false},"in2DMode":false,"pivot":{"x":-30.585712432861329,"y":1.9982147216796876,"z":-36.17193603515625},"rotation":{"x":0.32551825046539309,"y":0.5119695067405701,"z":-0.21814490854740144,"w":0.7645275592803955},"size":11.129241943359375,"orthographic":false}