{"cameraMode":{"drawMode":0,"name":"Shaded","section":"Shading Mode"},"sceneLighting":true,"audioPlay":false,"sceneViewState":{"showFog":false,"showMaterialUpdate":false,"showSkybox":false,"showFlares":false,"showImageEffects":false,"showParticleSystems":false},"in2DMode":false,"pivot":{"x":-8.02088737487793,"y":-10.772066116333008,"z":-5.798161506652832},"rotation":{"x":-0.17861025035381318,"y":-0.2903237044811249,"z":0.055450811982154849,"w":-0.938568651676178},"size":67.56620788574219,"orthographic":false}