{"cameraMode":{"drawMode":0,"name":"Shaded","section":"Shading Mode"},"sceneLighting":true,"audioPlay":false,"sceneViewState":{"showFog":false,"showMaterialUpdate":false,"showSkybox":false,"showFlares":false,"showImageEffects":false,"showParticleSystems":false},"in2DMode":false,"pivot":{"x":15.2818603515625,"y":-36.79180145263672,"z":-41.31313705444336},"rotation":{"x":0.33881568908691409,"y":0.4986703097820282,"z":-0.22048409283161164,"w":0.7668655514717102},"size":142.51451110839845,"orthographic":false}